用户,评论,时间
350178735,因為短髮啊 要早上洗才行 剛改的習慣,2017-04-08 00:58:21
350176848,晚安。,2017-04-08 00:58:09
350185258,日常打卡,2017-04-08 00:57:43
350176833,那还是蛮有缘滴哈,2017-04-08 00:57:28
350173893,因为一个人,2017-04-08 00:57:09
350172912,臥槽！這麼巧 我也是⋯,2017-04-08 00:56:55
350175869,晚安  明天八点的闹钟,2017-04-08 00:56:29
350187205,我文科诶,2017-04-08 00:56:27
350185228,老去的90后,2017-04-08 00:56:10
350170956,我第一次为喜欢的女生弹吉他就是这首，然后他成了我的初恋，记忆很美，但风太大，我们没有飞那么远,2017-04-08 00:55:45
350188127,回家看杰伦到现在,2017-04-08 00:55:27
350176780,哎……我明天还要早起洗头呢,2017-04-08 00:55:06
350168911,从前从前有个人爱你很久。,2017-04-08 00:54:29
350185190,我也是⋯,2017-04-08 00:54:08
350185188,晚安世界[憨笑],2017-04-08 00:54:06
350185175,我失眠了……,2017-04-08 00:53:30
350180642,这么多年了 我还是没能在你身边啊。,2017-04-08 00:53:19
350166887,唉 都過了20幾年了 不是還沒學會如何面對呀,2017-04-08 00:53:12
350182541,哈哈我去看了视频，分裂好多地方他都把话筒朝着观众，没准不记得了哈哈哈……   能唱以父之名印第安老斑鸠这些歌也是让人感动到落泪啊！最好的周杰伦！,2017-04-08 00:53:00
350174795,今晚又睡不着啦[可爱],2017-04-08 00:53:00
350175713,听到翻唱，忍不住回来,2017-04-08 00:50:37
350168805,以前听你的歌没感觉，现在才知道里面的故事，是会让人落泪的那种感动和喜欢,2017-04-08 00:50:31
350164909,刚看了《最好的我们》的晴天cut 哎我可能永远也不会告诉你我喜欢你,2017-04-08 00:49:43
350180486,为什么？难道因为白天会下雨吗[吐舌][吐舌],2017-04-08 00:48:01
350180458,晚安,2017-04-08 00:47:01
350162901,分裂没忘词，整场除了印第安老斑鸠失误了一段其余都很棒！,2017-04-08 00:46:58
350171614,和他吵架了，好累，异地恋好累……,2017-04-08 00:46:54
350172661,因为你我又重新开始听周杰伦，从此周杰伦的歌里全是你的影子，想听又不敢听，怕回忆一幕幕重现我承受不了，但这也是我想念你唯一的方式了。,2017-04-08 00:46:54
350174623,虽然佳丽很多 但老是会翻到你的牌子,2017-04-08 00:46:26
350160910,唉,2017-04-08 00:45:38
350164769,拜拜,2017-04-08 00:44:14
350180372,今晚是不是晴天呼叫声最高？,2017-04-08 00:43:40
350172575,日常打卡,2017-04-08 00:43:25
350164742,第一次见一百万多的评论区。。吓到我了,2017-04-08 00:43:15
350177387,从前从前有个人爱你很久，但偏偏，雨渐渐，把距离距离吹得好远，刘佳豪，我真的好喜欢你，但这次要真的再见了,2017-04-08 00:43:07
350162775,早早订了杰伦演唱会的票，却在开唱前一天分开了。好讽刺～！青春大概就结束了吧～ ,2017-04-08 00:42:18
350161869,一开始听周杰伦 后来不听了   后来又听了  可都是那些老歌,2017-04-08 00:42:11
350172538,下次你的演唱会，真想有个男朋友一起去看你，还有一个星期我就能看到你啦，晚上听着你的歌泪就莫名其妙的流出来了，买了门票这个月打工为生，真希望快点见到你，杰伦，我终于等到你了，你好[爱心],2017-04-08 00:42:05
350165710,青春,2017-04-08 00:42:00
350179289,我睡觉了  心情一点点不好耶 可能是和别人谈起了你 😔😔😔    以后绝口不提了,2017-04-08 00:41:53
350173503,好羡慕啊啊啊啊啊啊啊啊,2017-04-08 00:41:41
350167597,再牢骚一句……   明天从早上上课上到晚上……  我的天……  考研真难……,2017-04-08 00:40:53
350162731,看完热歌榜已经过一个小时了……,2017-04-08 00:40:29
350179213,真棒～  杰伦有忘词吗？  这首歌很难在演唱会听到诶,2017-04-08 00:39:28
350169537,以前不听周杰伦的 后来 就听周杰伦了,2017-04-08 00:39:16
350161776,每条都赞 上瘾,2017-04-08 00:39:15
350171418,就是对于这种发牢骚的话也能被点赞感到奇怪,2017-04-08 00:38:47
350169506,第一次听这首歌的时候。分手了很想念他。后来在听到这首歌的时候会想到他，也会不自觉的流泪。在他走后我居然也喜欢他最爱的一个歌手了,2017-04-08 00:38:35
350170472,那有点萌,2017-04-08 00:38:16
350170468,唱啦，全部歌迷一起唱,2017-04-08 00:38:04
350167500,怎么了,2017-04-08 00:37:54
350168480,还有你,2017-04-08 00:37:37
350175326,呃……我觉得大家需要被鼓励,2017-04-08 00:37:32
350174368,宿舍有人打呼……  好了这下彻底失眠了……,2017-04-08 00:37:16
350160665,点赞狂魔吗[大哭],2017-04-08 00:36:44
350162601,晚安,2017-04-08 00:36:21
350158708,又到夜里开始想个不停,2017-04-08 00:36:00
350158696,吓到我……   所以不管在这首歌下面评论什么一定会获赞吗……   可怕[大哭],2017-04-08 00:35:36
350182041,晚安晴天 晚安了 被你放进黑名单的感觉很不好耶,2017-04-08 00:35:25
350180101,每天都要来一首你的歌才安心！,2017-04-08 00:35:21
350179082,逢9必添1,2017-04-08 00:34:46
350160602,为什么每次打完喷嚏以后才会意识到不能躺着打喷嚏呢……,2017-04-08 00:34:35
350155993,初中入了周董的坑，至今快三十了,2017-04-08 00:33:53
350168348,表白一下我暗恋的人,2017-04-08 00:33:46
350158631,背上行囊 现在就出发   寻找心中盛开的花,2017-04-08 00:33:24
350177095,潇潇 我喜欢你[爱心],2017-04-08 00:33:10
350172227,白兰鸽    飞过似水华丽的远方,2017-04-08 00:31:41
350173170,高中时代的爱情,2017-04-08 00:30:52
350157772,分开的理由千千万万，可结果几乎都一样,2017-04-08 00:30:02
350170177,快乐悲伤 都是雷同,2017-04-08 00:28:35
350165259,故事的小黄花，偏偏风渐渐把距离吹得好远，刚发芽就萎了。,2017-04-08 00:28:23
350165244,打卡,2017-04-08 00:28:01
350161430,睡前没事，又点开了你的QQ资料卡，发现你换头像了哎，可怎么是情侣头像啊，你就这样一声不响的换上了情头啊。虽然早就清楚你会有属于别人的一天，可还是觉得。。无奈。是我太懦弱了，没能好好珍惜你。这一回，我是真的彻底失去你了。唐柳燕，我好不甘心啊,2017-04-08 00:27:51
350169168,我还是很喜欢你 就像双星系统 互相吸引[亲亲],2017-04-08 00:27:18
350169163,睡不着,2017-04-08 00:27:10
350162319,刷一波哈哈哈,2017-04-08 00:27:01
350175025,不行，我真的要睡觉了，毕竟明天要早起洗头,2017-04-08 00:26:05
350165183,网易云第一条评论，打卡~,2017-04-08 00:25:52
350163196,打卡,2017-04-08 00:25:45
350153829,然后呢？杰伦唱了吗,2017-04-08 00:25:44
350163182,教室的那一间[钟情],2017-04-08 00:25:18
350149992, 打卡,2017-04-08 00:25:18
350157632,我……又……来……了…………我知道你们会赞我的[星星],2017-04-08 00:25:16
350149971,啊还是得起床去拉肚子啊[流泪][流泪][流泪],2017-04-08 00:24:53
350153793,哪位西安的同学用多余的票  30号的  跪求[流泪],2017-04-08 00:24:50
350164194,歌曲里面藏着一个人,2017-04-08 00:24:46
350162240,一下子丢掉了好多东西    觉得轻松了    也觉得空心了,2017-04-08 00:24:45
350157587,故事的小黄瓜，从出生那年就飘着,2017-04-08 00:24:09
350153752,肚子难受不舒服，自己作的——晚上没管住嘴吃得又多又杂；心里担心害怕，自己作的——明天就要展示作业拖到现在还没做并且打算不做了；失眠，自己作的——下午睡太久……  果然自食恶果啊[流泪],2017-04-08 00:23:39
350170015,明天早起图书馆，青春你浪费不起，加油！嗯。,2017-04-08 00:23:20
350155670,到底多久才破200万[奸笑][奸笑],2017-04-08 00:22:53
350146926,偏偏风渐渐把距离吹得好远,2017-04-08 00:22:46
350157540,打卡,2017-04-08 00:22:45
350147890,偏偏风渐渐把距离吹得好远,2017-04-08 00:21:55
350164103,全TM完了[流泪][流泪][流泪],2017-04-08 00:21:51
350167025,第一次听在高二，想起曾经爱过的你！如今你以为人妻，我却依然一个人在夜里默默听歌,2017-04-08 00:21:37
350161231,"刚才…
周杰伦深圳演唱会点歌环节

杰伦：诶，旁边这位是你的女朋友吧
男歌迷：“啊对，我刚刚在帮她录像”
杰伦：“那你们在一起多久了”
男歌迷：“快一年了”
杰伦：“那你想点一首什么歌曲呢”
男歌迷：“我想点一首……分裂”

杰伦一倒：“这首歌你都点得出来”",2017-04-08 00:21:12
350151681,打卡[吐舌],2017-04-08 00:20:19
350141955,打卡…,2017-04-08 00:20:05
350140895,十八岁，最美好的年纪,2017-04-08 00:19:28
350241980,签到,2017-04-08 07:32:03
350239990, 刚才看了看周杰伦的歌手信息 我怀疑周杰伦是不是给钱给颁奖大会了 怎么那么无解的人会存在 简直是自带外挂,2017-04-08 07:32:01
350261381,从前从前有个人爱你很久,2017-04-08 07:31:58
350258506,鬼故事的小黄花,2017-04-08 07:31:37
350251718,老哥稳,2017-04-08 07:30:53
350236982,大家快看我的主页背景照片，超帅超萌的杰伦😃😃😃😃😍😍😍😍😍,2017-04-08 07:24:18
350239892,牛仔很忙居然没破万！,2017-04-08 07:23:27
350244736,周杰伦会看到这里的评论吗😂😂😂,2017-04-08 07:22:48
350245722,但故事的最后你好像还是说了拜拜,2017-04-08 07:21:27
350252637,打卡打卡[可爱]喜欢你就像你妈打你没道理…,2017-04-08 07:20:53
350261259,拜拜！,2017-04-08 07:20:47
350238956,头像哈哈哈哈,2017-04-08 07:20:29
350237947,好巧，今天我生日欸,2017-04-08 07:20:15
350261252,晴天,2017-04-08 07:19:58
350258384,我喜欢的男孩子和别人在一起了,2017-04-08 07:18:53
350241822,哈哈哈哈 笑死我了,2017-04-08 07:14:51
350256470,晴天,2017-04-08 07:11:49
350249578,现在爱做的一件事，听着歌，看着评论,2017-04-08 07:11:27
350251498,黄金甲居然没破万！,2017-04-08 07:08:17
350259234,2017/4/8      绍兴    阴天    我在等晴天,2017-04-08 07:04:01
350257348,早安,2017-04-08 07:03:50
350237788,+1,2017-04-08 07:03:19
350241706,晴天,2017-04-08 07:03:12
350240746,围观评论,2017-04-08 07:02:34
350237778,扫弦练得要死！！！😭,2017-04-08 07:02:33
350243655,[亲亲],2017-04-08 06:59:26
350243633,虽然今天下雨了  在我心还是晴天[爱心][爱心],2017-04-08 06:57:07
350249456,[呲牙]一切都会晴朗起来！,2017-04-08 06:56:58
350239658,早,2017-04-08 06:56:13
350240704,不好意思啊，我还以为也是喜欢咕噜猫的人～,2017-04-08 06:56:03
350243597,很难受，分手半年都过来了，可是等到昨天发现她突然把我微信什么都删光的时候，才哭的像个傻逼一样。终究是缘尽了。。。回不去了，之前很多次想回去去找她，都没能迈出，秒速五厘米,2017-04-08 06:52:00
350253361,[大笑],2017-04-08 06:51:07
350251354,4月8日[憨笑],2017-04-08 06:48:51
350238679,给你一个你想要的晴天,2017-04-08 06:48:33
350253303,2017.4.8    郴州  小雨    1334989,2017-04-08 06:41:18
350241527,2017 4.8 早阿 一切都刚刚好,2017-04-08 06:36:17
350243497,2017.4.8   德州   阵雨    1334986,2017-04-08 06:35:08
350248308,感觉真每天都是晴天,2017-04-08 06:34:57
350241499,哇，一百多万了,2017-04-08 06:32:39
350256153,对√,2017-04-08 06:32:22
350248278,这是我见过评论最多的歌,2017-04-08 06:29:44
350245364,幸好你还在，天天是晴天[奸笑],2017-04-08 06:29:30
350247284,高考加油哦！！我中考也要加油呢！~,2017-04-08 06:28:56
350233993,"有则随性相待，无也不会告哀。
 ​​​
",2017-04-08 06:22:23
350252186,加油,2017-04-08 06:19:16
350239411,😊加油,2017-04-08 06:13:03
350240439,  把转碟稍微往左或右移一点点它就不会转哩,2017-04-08 06:12:44
350239408,[可爱][可爱][可爱]一起加油吧,2017-04-08 06:12:06
350244268,[可爱],2017-04-08 06:08:49
350249170,怎么，恐同？,2017-04-08 06:05:53
350239330,出柜？,2017-04-08 05:46:07
350245167,唉,2017-04-08 05:45:39
350230957,美滋滋,2017-04-08 05:45:35
350251048,努力，坚持下去,2017-04-08 05:41:52
350231973,不管2017还是是多久呢，这首歌依旧那么丰富我的朋友圈。,2017-04-08 05:32:47
350245114,同学们一起加油！高考必胜！,2017-04-08 05:23:05
350226985,瓢泼大雨伴着阵阵雷声呼啸而来，宝宝被吓醒了，⊙_⊙,2017-04-08 05:18:21
350237316,打卡,2017-04-08 05:11:29
350236359,会一直听下去,2017-04-08 05:07:18
350238325,每天一遍,2017-04-08 05:06:50
350233677,能遇见你真好啊，阿浩,2017-04-08 04:40:39
350233649,嘿，晴天，一百三十万的那个晴天。,2017-04-08 04:33:08
350241098,(๑•̀ㅁ•́ฅ)杰伦 晚安,2017-04-08 04:25:29
350225898,半夜突然想到这首歌。,2017-04-08 04:24:15
350218950,又是半夜醒来了[大哭][大哭],2017-04-08 04:16:28
350230686,大半夜还有这么多没脆叫哒,2017-04-08 04:02:50
350225833,如果你是女的 我愿意借肩膀给你 如果你是男的 看完咱找个地方边喝边聊 尽兴了哭出来也不碍事呢,2017-04-08 04:01:53
350212900,青春，终于再也找不到了,2017-04-08 03:29:07
350225670,我只能都是我愿意，我更怕妳离开的事实,2017-04-08 03:23:49
350223649,明天深圳演唱会买了两张内场票，结果还没发到时间我就被甩了，有人一起去看吗？我不想一个人像个傻狗一样[可爱],2017-04-08 03:16:40
350235250,仿佛只有评论区才有这么多不眠之人,2017-04-08 03:16:13
350221562,每次进来前排一片红[憨笑][憨笑],2017-04-08 03:05:19
350216720,我把周杰伦的歌都给你唱了一遍，可是你还是离开我了呀。,2017-04-08 02:57:48
350223534,[大笑]周杰伦快出新歌,2017-04-08 02:55:33
350222544,[吐舌][吐舌][吐舌][吐舌],2017-04-08 02:55:22
350224483,又来了,2017-04-08 02:53:52
350225502,今天又听了一次现场版,2017-04-08 02:53:08
350222505,为你翘课的那一天,2017-04-08 02:49:57
350211790,可是最后你还是说了，,2017-04-08 02:48:23
350228355,路过,2017-04-08 02:45:40
350212644,失眠,2017-04-08 02:44:21
350235063,真的吗！就今晚我在的后面这几个小时已经快2000了，应该会有更多吧,2017-04-08 02:44:02
350226376,一天只有2000左右，我统计过的,2017-04-08 02:41:04
350227303,还要多久 我才能在你身边,2017-04-08 02:31:09
350209946,如果有首歌百听不厌 它一定叫晴天。下周昆明见,2017-04-08 02:30:56
350215565,[大哭][大哭],2017-04-08 02:25:37
350222290,就以一天5000+的速度来看，我半个月后再来看看会不会超过150万+,2017-04-08 02:23:33
350207967,一定会的,2017-04-08 02:22:50
350218335,还是会不想睡[撇嘴],2017-04-08 02:21:23
350215517,打卡,2017-04-08 02:20:53
350228128,等到放晴的那天,2017-04-08 02:18:42
350222222,晚安 好像又要变雨天了,2017-04-08 02:17:07
350230010,从前从前有个人爱你很久,2017-04-08 02:12:22
350224111,看完你的演唱会 我决定让自己变得更好 谢谢你,2017-04-08 02:08:40
350228005,给她我的温柔，我就不信都对我无动于衷[哀伤],2017-04-08 02:06:34
350203930,深圳演唱会，钢琴演奏晴天，前奏一响，整场沸腾，屌炸天！！！,2017-04-08 02:06:23
350215365,好不容易又能再多爱一天，但故事的最后你好像还是说了拜拜。,2017-04-08 02:06:11
350214332,我现在特别想谈恋爱，有没有长沙的妹子啊[哀伤],2017-04-08 02:04:44
350218136,什么时候来河北开演唱会啊。,2017-04-08 02:02:55
350207773,97年我出生 你参加选秀节目 03年晴天 05年头文字D第一次认识你 我8岁 今年我20岁 喜欢了你12年  今年的4月22你要来我的城市开演唱会 我很怕我离你那么近 但却去不了[心碎]希望我能到现场 和你合唱 晴天,2017-04-08 02:02:19
350054026,当时懵懂少年听不出你对我的暗示，现在隔个大西洋，我想再也不能见到你了吧,2017-04-07 22:42:42
350035736,哎呦喂 美人下班了 过来打卡[奸笑][奸笑][奸笑][奸笑][奸笑][奸笑],2017-04-07 22:42:29
350038665,好好爱，希望自己不要一直看着别人的以前生活,2017-04-07 22:42:29
350028931,每一次听都有想哭的感觉,2017-04-07 22:41:33
350052278,打卡,2017-04-07 22:41:23
350038607,今晚。似乎算是分手了吧。。。我好想淋雨,2017-04-07 22:41:17
350037634,晚安！各位杰迷！,2017-04-07 22:41:11
350041518,有时候经历了爱情，很相爱，但是却不适合，这个时候就觉得还不如找个合适的人，毕竟时间久了也会生情。,2017-04-07 22:40:53
350047292,最爱的！！！,2017-04-07 22:39:32
350046325,打卡，爱周杰伦一辈子,2017-04-07 22:39:19
350039402,[憨笑]今天有看到了初恋…已经物是人非…,2017-04-07 22:39:12
350028823,打卡打卡了。。。准备把晴天成为我听歌里最多次的。。。,2017-04-07 22:38:58
350030649,我也想你,2017-04-07 22:38:44
350040418,1334368这是第1334368个评价  一不小心翻了十几分钟就像在回忆自己听Jay的那些年真的是陪伴了太多太多人的年少青葱,2017-04-07 22:38:05
350033585,哈哈哈,2017-04-07 22:37:45
350051131,今天是她的生日，但我还是没敢找她说上一句话。,2017-04-07 22:37:40
350043399,打卡,2017-04-07 22:37:39
350045301,想你,2017-04-07 22:37:16
350046220,嗯呐 今天吃饭喽,2017-04-07 22:37:02
350048176,又过两年已经一百多万。,2017-04-07 22:36:16
350051058,哇,2017-04-07 22:35:53
350052011,她就在我旁边 每次上课无心听讲 我会不经意的向前门望去 其实我是在看她 不过是余光。对于学习她是那么的努力，甚至中午该睡觉时都不曾睡去，课堂上她是那样的认真，她不像其他班上那些花俏的女生，她是那样的朴素美丽。但是我还是没敢找她说话，即使貌似她已发现课上偷看她的我总是不经意看着她。,2017-04-07 22:35:45
350032584,九十年代最后一批，要走出高中校园了，回想那些中学时光，他们说那叫，青葱岁月。,2017-04-07 22:35:13
350034373,从初一到大二 你不知道我有多想念你,2017-04-07 22:34:42
350027923,an,2017-04-07 22:34:20
350028506,晚安了,2017-04-07 22:32:27
350039132,lj我爱你,2017-04-07 22:32:04
350036248,打卡～,2017-04-07 22:31:51
350024845,刷卡一波,2017-04-07 22:31:33
350036232,晚安夏桀,2017-04-07 22:31:30
350030371,只想遇到能让我有勇气为她翘课的那个人,2017-04-07 22:31:28
350024834,来一发,2017-04-07 22:31:20
350032397,我好想你,2017-04-07 22:31:04
350041062,想念和你一起唱晴天的日子,2017-04-07 22:30:49
350024792,明天是晴天,2017-04-07 22:30:30
350040053,朋友圈听到了深圳的《晴天》大合唱  打卡,2017-04-07 22:29:49
350026713,明天考试 加油,2017-04-07 22:29:12
350014954,打卡,2017-04-07 22:28:36
350028360,我知道的，我很喜欢许嵩啊😂，初中时候疯狂迷恋过，现在上了大学又喜欢上他了😂,2017-04-07 22:28:33
350019946,一个月又多了20万+ 杰迷抱紧[幽灵][幽灵],2017-04-07 22:28:15
350032247,133万了啊 想起33万的时候了,2017-04-07 22:28:11
350037004,听着这首歌，就想到了某个人，然后大雾弥漫了双眼,2017-04-07 22:27:18
350032188,打卡打卡,2017-04-07 22:27:16
350028259,我又来打卡了,2017-04-07 22:26:25
350033087,网易云第一神曲！顶！评论数133万！厉害了我的伦！！！,2017-04-07 22:26:19
350013942,没想到失去的勇气我还留着,2017-04-07 22:26:04
350021705,来听了好多遍，都没有留言过。今天来加个人气。,2017-04-07 22:25:59
350035013,晴天☀☀☀☀☀☀☀,2017-04-07 22:25:45
350023609,我还截图了,2017-04-07 22:24:59
350032061,你可能是个假医生[哀伤][哀伤][哀伤],2017-04-07 22:24:58
350033011,我也是看到视频又来听了,2017-04-07 22:24:54
350024570,"年少时你做了一个决定要把生命献给爱情 
后来你没死 年轻替你抵了命",2017-04-07 22:24:51
350012821,我滴神 刚上班忙 然后上厕所有空时间 进云村一看[哀伤][哀伤][哀伤]我的id要炸得节奏 私信 评论 点赞 粉丝都有消息未读[汗],2017-04-07 22:24:46
350027460,好爱好爱，百听不厌。这首歌是我的起床闹钟铃声，每天的开始是杰伦的歌声唤醒我，开启愉悦的一天。,2017-04-07 22:24:32
350010926,晚安😃,2017-04-07 22:24:31
350021633,反复练习跟唱这首歌  巡回演唱会应该会唱  万一再抽到我呢,2017-04-07 22:24:16
350017754,晚安,2017-04-07 22:23:49
350016818,[憨笑],2017-04-07 22:23:44
350019728,抓到一个咕噜猫奴🙈,2017-04-07 22:23:36
350017731,打卡,2017-04-07 22:23:30
350027359,因为你 这首歌越听越有感觉 不不再在我身边,2017-04-07 22:22:24
350010794,争取突破200万评论,2017-04-07 22:21:36
350028047,杰伦今年的巡回演唱会 砸锅卖铁也要看一场 [奸笑],2017-04-07 22:21:30
350024361,那天晚上被罚打扫器械室，余淮分给耿耿的另一个耳机里就是这首晴天,2017-04-07 22:19:49
350025366,吃了，刚和同学出去玩，之后在我们小区就是我喜欢那个男生家楼下那里聊天。她突然和我聊起我喜欢男生是什么样了，我答了。她问我有没有喜欢的，我说有，她问我是谁，是不是我们学校，和我们一起上补习班的。我说你猜，然后她竟然说出了我喜欢那个男生的名字，问是不是。我当时吓出了冷汗又说了一声你猜,2017-04-07 22:19:42
350008657,十年前遇到一个比自己大五岁的男孩子。那时候我十七岁，念高二。爱的疯狂。。。他说我等你等你毕业我们就结婚。。后来他娶了别人。。。现在我也已经为人妻为人母了。只是这段感情深深的埋在心里的最深处。。。,2017-04-07 22:17:28
350006649,(*￣3￣)╭♡❀小花花砸你,2017-04-07 22:16:47
350024226,牛比牛比,2017-04-07 22:16:42
350026097,还在[爱心],2017-04-07 22:16:01
350025200,不敢再听了...难过。刚刚看完猫叔的视频...很感慨 想到了一个人...[皱眉],2017-04-07 22:15:52
350018334,是的网易云评论最多的第一神曲不可超越,2017-04-07 22:15:01
350013428,我一直在,2017-04-07 22:14:52
350017307,哈哈，我15年的评论，被这个“忧伤的人0”挖出来了,2017-04-07 22:13:58
350008517,今晚深圳的演唱会有晴天，还有夜曲[大笑]，虽然在场外，一样是大合唱啊，激动,2017-04-07 22:13:50
350017297,2017 04 07 北京 晴  晚安！,2017-04-07 22:13:48
350006497,蛋蛋的忧伤,2017-04-07 22:12:51
350015230,日常打卡,2017-04-07 22:12:26
350024007,429，西安,2017-04-07 22:11:04
350006415,牛逼的歌 牛逼的评论 杰伦无敌了,2017-04-07 22:10:39
350010307,这都被你发现了,2017-04-07 22:10:02
350004488,哇塞，评论真高,2017-04-07 22:09:03
350001735,大二了，不再像初中一样狂热的喜欢杰伦了，但他是我童年的记忆无法改变。,2017-04-07 22:07:29
350008265,从前从前有个人爱你好久,2017-04-07 22:07:28
350005296,@布瓜的世界我不懂 你总是在听,2017-04-07 22:06:58
350006202,日常刷一下,2017-04-07 22:05:44
350001611,2153。小花，嫁给我！,2017-04-07 22:04:54
350004307,签到打卡,2017-04-07 22:04:48
349996770,又来了,2017-04-07 22:04:38
350005199,很少评论 晴天真的很棒！,2017-04-07 22:04:31
349985860,李瑶[爱心],2017-04-07 22:03:41
350003289,借问，网易云上怎么没周婕纶的歌了？,2017-04-07 22:03:07
349992696,目测超过两百万不是问题,2017-04-07 22:02:07
349991749,打开发现评论是1334331。倒过来也是一样的评论,2017-04-07 22:00:41
350005014,签到,2017-04-07 22:00:23
350005008,无聊无条件投降,2017-04-07 22:00:11
349997572,周杰伦无与伦比,2017-04-07 22:00:08
349979965,我的周杰伦,2017-04-07 22:00:05
350004051,签到,2017-04-07 21:57:52
349980904,刚看完猫叔视频。晴天真的就是初恋啊。,2017-04-07 21:57:45
349995519,想分手了。,2017-04-07 21:57:44
350281854,那是喽 你们真幸福呦,2017-04-08 08:46:38
350289187,日常打卡🙂,2017-04-08 08:46:34
350295099,4.15昆明场，两张  原价出，铁粉再便宜几百，在vip区，前排。可先进场后确认,2017-04-08 08:45:46
350281820,今晚估计更热闹，就是周围酒店太贵了,2017-04-08 08:45:34
350283648,听过很多的翻唱版本，真正唱到心里的还是周周[爱心]就像遇到过很多人，真正走到心里的那个人只有你一个[心碎],2017-04-08 08:45:15
350293038,上班路上日常打卡，新的一天，现在广州阴，希望等下阴转晴,2017-04-08 08:43:39
350278736,阿西吧，济南又阴天了，心情不好[流泪],2017-04-08 08:43:36
350286482,无锡，非晴天，周末起来练字。,2017-04-08 08:43:30
350284522,我永远是那个下雨忘记带伞的人[哀伤][哀伤][哀伤] 脑子这东西要有,2017-04-08 08:43:11
350283608,又是情天[爱心],2017-04-08 08:42:44
350293022,一步都没有走开过,2017-04-08 08:42:38
350291059,转过头看看吧.我还在你身后,2017-04-08 08:42:26
350289108,还能多爱你一天妈,2017-04-08 08:42:15
350284505,早安,2017-04-08 08:42:10
350282655,手机里只留了你弹的一首花海,2017-04-08 08:41:26
350295017,又涨了。。。。,2017-04-08 08:41:12
350274780,重庆，晴天，三号线，园博园。[大笑],2017-04-08 08:40:39
350273809,郑州，非晴天。一如既往的周末。,2017-04-08 08:40:34
350295007,周周女杰迷很多耶 而且都好漂亮哒呦[奸笑][奸笑][奸笑] 喜欢周周的人普遍颜值高 有品味[大哭],2017-04-08 08:40:29
350271792,大家早啊,2017-04-08 08:40:19
350273802,希望旅途一路愉快吧,2017-04-08 08:40:13
350286428,晴天,2017-04-08 08:39:36
350282604,我都在等.等着你,2017-04-08 08:38:11
350265957,还有一个月就是咱们认识3年的时间.而在一起的时间只有短短几个月,2017-04-08 08:37:55
350281651,在去做家教路上，又单曲循环这首歌，上海的天放晴了，可我还是没法在你身边,2017-04-08 08:37:13
350282579,最近每天都在听 不管怎么变 还是好听,2017-04-08 08:36:49
350279637,那他一定也和我长得一样帅,2017-04-08 08:36:24
350277645,决定离开这座城市出去转转,2017-04-08 08:36:04
350279625,三年之约才过569天,2017-04-08 08:35:44
350270670,高中男生确实会这样，有过这样的体验，但是只会针对某个具体的人，本质还是直男,2017-04-08 08:34:54
350282528,她恋爱了.昨天听朋友说了,2017-04-08 08:34:46
350276595,今晚估计比昨晚还热闹，今天星期六，人更多,2017-04-08 08:34:08
350285350,这势头再过几年能破亿啊,2017-04-08 08:33:25
350269795,大早上听整个人都开心了起来,2017-04-08 08:29:53
350281498,男歌迷真可怜[流泪],2017-04-08 08:28:06
350265763,评论逆天了，这是我见过最多评论的一首歌,2017-04-08 08:27:11
350281470,我也一直觉得男生比较多，可是演唱会感觉女生比较多，不过大概可以得出结论，买到票的都在看演唱会，女的多了，外面没有进场的男生多一点。,2017-04-08 08:26:30
350269723,4.7昨天第一次看你演唱会 现场听简直爽翻了有没有！ 周杰伦我爱你,2017-04-08 08:25:57
350279447,还真不能不服周杰伦,2017-04-08 08:25:24
350262750,[憨笑][憨笑][憨笑],2017-04-08 08:23:14
350263722,我一直以为周杰伦的男歌迷比较多，没想到大部分都是女歌迷，而且好多美女,2017-04-08 08:22:46
350286108,边上有保安，只离杰伦有3米多远，西安的时候还可以握手，深圳的只能远处看，VIP大部分都是女孩子，还有一些年龄大一点的叔叔阿姨。,2017-04-08 08:21:38
350272435,我快要跟不上你的步伐了 很多事都没做 怕来不及做了 比如去听你的演唱会 比如好好爱你.,2017-04-08 08:20:26
350286085,133万，这么多评论,2017-04-08 08:20:03
350284132,早起听晴天心情好,2017-04-08 08:19:13
350277350,前奏和眼泪笑了很像,2017-04-08 08:18:51
350280358,日常打卡,2017-04-08 08:18:20
350276328,真羡慕你们可以坐前排[流泪]也许等我可以近距离看清杰伦唱歌的样子才会哭吧,2017-04-08 08:17:11
350265577,我在最前面，就是离杰伦还有几米远，舞台不靠中心，要不是有舞台离了几米，我就跳上去抱一下了,2017-04-08 08:15:33
350262624,大早上被宿舍的王者荣耀们吵醒了，但还是要晴天哦,2017-04-08 08:14:51
350271353,想好带你去看周杰伦却突然知道你已经有了男朋友,2017-04-08 08:14:39
350274313,等下一次巡演,2017-04-08 08:13:18
350268526,吃早餐🍳🍰,2017-04-08 08:12:40
350278248,签到,2017-04-08 08:12:07
350281236,2017.4.8南京阴,2017-04-08 08:12:02
350283109,我就感觉场地有点小，还有感觉有点热。,2017-04-08 08:11:58
350263554,打卡～,2017-04-08 08:11:36
350259931,可以大合唱嘛。昨晚坐看台感觉没有想象中好，是我第一次看演唱会的，居然没有哭[大哭]以后工作有钱了必须买VIP！,2017-04-08 08:10:07
350259929,今天阴天,2017-04-08 08:10:04
350258945,久违的大晴天。南昌,2017-04-08 08:08:47
350268447,不多啊，我觉得情歌太多了,2017-04-08 08:08:20
350267501,身为一个90后，我没有那么多清晰的记忆，只记得小时候家里开的小店里经常放这首歌，这首歌也算是童年里记得最清的一首歌[憨笑],2017-04-08 08:08:14
350275213,快歌不少啊，比我想象中的多,2017-04-08 08:07:48
350274192,昨晚发现快歌好少、今晚说不定快歌多一点，昨晚基本都是情歌,2017-04-08 08:05:48
350277100,下雨[圈],2017-04-08 08:02:19
350280060,周杰伦首首歌都破万，没有第二。晴天则是整个网易云最好评论的音乐。没有之一。我伦最屌。今天夏天我们就可以见面了。哪怕是远远的看到你。想想喜欢你这么久却没看过你的演唱会真的是好遗憾。今年我会跟上脚步。❤️,2017-04-08 07:58:27
350272121,早安,2017-04-08 07:57:47
350275075,那是啥,2017-04-08 07:57:23
350259750,不去了[大哭]看一场已经花了一个月实习工资，从广州大学城过来,2017-04-08 07:56:41
350277022,今晚还去不，我今晚和朋友再看一场,2017-04-08 07:55:44
350250987,我在九区看台，山顶,2017-04-08 07:54:49
350266237,没答案，怎么办，躲不过自我欺瞒,2017-04-08 07:53:29
350262319,对你喜欢，左顾右盼,2017-04-08 07:53:04
350273040,再见,2017-04-08 07:52:39
350248987,你在哪个区，我是vip，进厂的时候。,2017-04-08 07:51:01
350271034,多一个微不足道的评论,2017-04-08 07:50:53
350262292,妈妈叫我来云音乐找对象 [生气],2017-04-08 07:50:45
350248979,无聊无条件投降,2017-04-08 07:50:00
350269177,周杰伦无与伦比,2017-04-08 07:49:56
350270034,我的周杰伦,2017-04-08 07:49:53
350260682,有个人爱你很久,2017-04-08 07:47:16
350256849,随记忆一直晃到现在[口罩],2017-04-08 07:46:23
350247946,有个男孩 很喜欢周杰伦 说以后一定要去听一场他的演唱会 而我 希望是站在他身边陪他听的那个人[爱心],2017-04-08 07:46:06
350257716,居然发生冲突，幸好我走得快[大哭],2017-04-08 07:44:41
350254844,打卡,2017-04-08 07:43:35
350255838,昨晚周杰伦深圳演唱会，深圳地铁瘫痪，交通全面堵塞，人员太多，导致演唱会保安和粉丝发生冲突，今晚深圳还有一场，请大家不要拥挤，人太多了，整个交通瘫痪，粉丝太多了，请大家务必不要拥挤，没买到票的在外面注意安全，一定要注意安全[呆][呆][哀伤][呲牙][吐舌],2017-04-08 07:42:21
350263190,昨晚周杰伦深圳演唱会，深圳地铁瘫痪，交通全面堵塞，人员太多，导致演唱会保安和粉丝发生冲突，今晚深圳还有一场，请大家不要拥挤，人太多了，整个交通瘫痪，粉丝太多了，请大家务必不要拥挤，没买到票的在外面注意安全，一定要注意安全[大笑][可爱][憨笑],2017-04-08 07:42:16
350253853,昨晚周杰伦深圳演唱会，深圳地铁瘫痪，交通全面堵塞，人员太多，导致演唱会保安和粉丝发生冲突，今晚深圳还有一场，请大家不要拥挤，人太多了，整个交通瘫痪，粉丝太多了，请大家务必不要拥挤，没买到票的在外面注意安全，一定要注意安全,2017-04-08 07:42:11
350245942,4.8号 早上7.38分 现在从珠海出发 深圳的杰伦演唱会 美滋滋,2017-04-08 07:42:04
350253851,晴天第一百三十天打卡,2017-04-08 07:41:58
350250804,你若安好 便是晴天,2017-04-08 07:40:55
350265076,广西的歌迷让我看到你们的双手🙌🏻等得好辛苦！！！这个月还来不来 o(╥﹏╥)o 还不卖票,2017-04-08 07:38:08
350249871,去年这个时候评论才8万来着……这……,2017-04-08 07:36:41
350245868,134万134万134万,2017-04-08 07:35:51
350246780,134万134万,2017-04-08 07:35:40
350268044,134万,2017-04-08 07:35:36
350256694,看来有162个人这么干过 哈哈哈,2017-04-08 07:33:51
350249833,记得小学时候，哥哥经常买周杰伦的磁带，小气的他却不给我听。特别宝贝得藏着，有一次在他不在家得时候偷偷的拿出来听，一按下开始键，我就被着迷了………,2017-04-08 07:33:28
350248771,早安晴天🌻🌻🌻🌻🌻新的一天 新的难过,2017-04-08 07:32:39
350264073,打卡,2017-04-08 07:32:08
349636144,杨光靖我是周炜杰，祝你幸福快乐。,2017-04-07 13:05:55
349628350,一直觉得能分开得爱情都是不够爱 至少没有爱到义无反顾 非你不可,2017-04-07 13:05:54
349636124,好吧 好聚好散,2017-04-07 13:05:24
349626338,被删了一万多,2017-04-07 13:04:45
349622418,删掉联系方式的第一天，你会等待还是离开，这样的时代谁为谁等待，连喜欢的人都不敢靠近，注定孤老吧~,2017-04-07 13:04:28
349626329,现在还是一提鸭舌帽第一反应 就是周周,2017-04-07 13:04:21
349629206,听一整天周杰伦  南京 阴,2017-04-07 13:04:15
349613854,现实打败爱情啊,2017-04-07 13:04:07
349620473,和你们讲一个笑话 我有一个故事,2017-04-07 13:04:02
349628252,评论后退了？,2017-04-07 13:03:26
349619467,爱干嘛要分开哦,2017-04-07 13:01:58
349631092,谁也不要搭理我[哀伤][哀伤][哀伤],2017-04-07 13:01:42
349621375,滴,2017-04-07 13:01:21
349613714,何小姐，爱你是真的，想你也是真的，离开也是决定好了的。余生的路盼你如愿前行[爱心],2017-04-07 12:59:25
349614584,1333533个评论，哇哦😄,2017-04-07 12:58:40
349617463,哈哈我在看台6区,2017-04-07 12:58:31
349601978,永远都牵不了你的手,2017-04-07 12:57:01
349603904,难过毛,2017-04-07 12:56:01
349616419,愿意听别人说 你他妈不就是有个疼你的男票么 [哀伤][哀伤][哀伤],2017-04-07 12:55:47
349602976,嗨,2017-04-07 12:55:31
349605870,一直在涨粉 几分钟一个得涨粉 可我一点都不开森[流泪][流泪][流泪] 好难过,2017-04-07 12:55:06
349619225,此时此刻，老子正哄儿子睡觉💤拿出手机搜到杰伦开始跟着唱，儿子很快睡去！回忆也塞满脑海，每个人心中都有一个周杰伦…谁都无法代替的周杰伦！,2017-04-07 12:54:22
349601905,要脸,2017-04-07 12:54:20
349607734,这样也挺好,2017-04-07 12:52:51
349620089,感觉我们是有交流的,2017-04-07 12:52:30
349624014,2017，4，7杭州小雨,2017-04-07 12:52:25
349605770,喜欢是需要回应的,2017-04-07 12:52:06
349611553,绍兴今天阴天 接下来三天阴雨天 没有彩虹和龙卷风 之后就是晴天了 这是天气预报说好的幸福 千万不要是黑色幽默啊 到时候可以骑着单车一路向北简单爱 管它东风破不破,2017-04-07 12:52:00
349604846,李柯成你不找我我真的不会再去找你了,2017-04-07 12:51:48
349606766,很幸福遇见 这个世界。,2017-04-07 12:51:14
349618100,晴天,2017-04-07 12:50:11
349621002,再听30分钟 上班 赚钱 养自己,2017-04-07 12:49:17
349614254,你好，长沙的晴[可爱],2017-04-07 12:48:57
349595959,今天太阳☀超级热烈的  心情也很明朗呀[爱心],2017-04-07 12:48:26
349616126,中午学校又放了  晴天    ，我也记不清多少次了😀😀😀,2017-04-07 12:46:56
349596850,单曲循环一早上  一路向北,2017-04-07 12:46:21
349610486,想起大学有个富帅 也蛮喜欢周杰伦的 可惜他唱歌老跑调 哈哈哈 现在想想也蛮有意思的,2017-04-07 12:45:55
349594846,如果这里是个公交车站 很多人都争抢着上车 有些人选择静心等待 些许人等了会打车走了 有个人等着喜欢同样音乐的人牵手而行,2017-04-07 12:44:52
349612338,男朋友用网易，他各种跟我讲网易有多好，他爱网易，我说我只爱你。他爱杰伦，我也说我只爱你。我们要这样一辈子不放开彼此的手好吗[爱心][爱心],2017-04-07 12:44:41
349617033,今天对我来说就是晴天，科二过了,2017-04-07 12:44:19
349607448,海,2017-04-07 12:43:50
349616011,☺瞎凑什么热闹  碎觉呢,2017-04-07 12:43:31
349589988,今天也是晴天哦,2017-04-07 12:43:10
349597727,听说你是摩羯座，好巧，我也是。,2017-04-07 12:42:46
349602531,2017年肆月柒日，镇江，晴,2017-04-07 12:42:03
349595718,哈哈，每次来都看到你的评论。,2017-04-07 12:41:12
349612185,滴滴打卡,2017-04-07 12:40:22
349607332,好想再问一遍,2017-04-07 12:40:09
349591898,看出来了 你喜欢杰伦很认真啊,2017-04-07 12:39:46
349612144,我只有周周,2017-04-07 12:38:58
349605329,周是摩羯座的,2017-04-07 12:38:20
349589833,哈哈 是油菜花吧,2017-04-07 12:38:04
349604377,今天不是晴天呢 蜀黎,2017-04-07 12:38:03
349587992,想有家小店里面全部播放周周得歌 想有辆车里面全部播放周周得歌 想有个天台晚上喝着咖啡看着夜空播放周周得歌  后来呀 我只是 有个歌单里面全是周周得歌[哀伤][哀伤][哀伤],2017-04-07 12:36:53
349608229,第一次听女孩给我唱歌的是杰伦的花海,2017-04-07 12:36:49
349591804,今天要去看黄花,2017-04-07 12:36:48
349599416,想我们能一直一起走的好远好远,2017-04-07 12:36:34
349608219,卧槽，评论怎么倒退了,2017-04-07 12:36:27
349602364,杰伦的歌我唱的最多的还是彩虹,2017-04-07 12:36:15
349609132,赞我的那个说句话啊,2017-04-07 12:35:35
349594462,能玩一天啊,2017-04-07 12:32:39
349607084,一直有人赞我啊 哈哈,2017-04-07 12:32:28
349606130,哈哈哈,2017-04-07 12:31:01
349594412,明年换工作得自由点的 有空去回忆一下他所带过的青春,2017-04-07 12:30:54
349606092,讲真，我的青春不是《晴天》，而是《七里香》、《双截棍》、《我的地盘》、《千里之外》等等，云村里这首晴天可以说是一些太过热情的粉丝有意刷起来的,2017-04-07 12:29:53
349593378,为何我还是单身狗[哀伤],2017-04-07 12:27:50
349583882,时光匆匆，来不及回头关照那份曾经，却在歌声里被治愈了。,2017-04-07 12:27:40
349592406,杰迷不都是这年龄段么,2017-04-07 12:27:29
349582942,门票转手不[大哭],2017-04-07 12:27:22
349593351,2017，4，7北京晴天,2017-04-07 12:27:04
349585767,你都有宝宝了耶 看你主页,2017-04-07 12:26:20
349585725,[口罩][口罩],2017-04-07 12:24:57
349586644,无聊无条件投降,2017-04-07 12:22:42
349581915,周杰伦无与伦比,2017-04-07 12:22:38
349573982,我的周杰伦,2017-04-07 12:22:35
349591319,看到朋友发的微博再过来留一脚，当初阴差阳错的听了这句 回到最初的你Jay CHOU，然后便爱上了。,2017-04-07 12:20:02
349592180,打卡,2017-04-07 12:19:50
349589302,北京阴天！,2017-04-07 12:19:08
349595079,2017.4.7南京阴,2017-04-07 12:19:01
349575880,又刮风了  你的手是不是还在我兜里 对不起对不起对不起  好不容易快忘记你  别让我再想起你,2017-04-07 12:18:40
349595071,给评论撑场子,2017-04-07 12:18:39
349571999,传说中的网易第一评，过来撑个场子,2017-04-07 12:17:52
349576825,看到一百多万个评论，心里莫名感动，晴天是最喜欢的歌，今年521南京我来了，希望杰伦能唱晴天[爱心],2017-04-07 12:16:11
349590219,2017.4.7合肥，阴 心情:不好,2017-04-07 12:15:46
349572893,[哀伤],2017-04-07 12:15:15
349589184,南京又下雨啦,2017-04-07 12:14:01
349579585,赣州   晴天 ,2017-04-07 12:13:18
349574719,一百多万评论，厉害了,2017-04-07 12:12:10
349568897,加油哦,2017-04-07 12:10:49
349574631,咸宁 阴天,2017-04-07 12:08:44
349575628,签到,2017-04-07 12:08:40
349584393,不好好找对象还在这浪,2017-04-07 12:08:37
349578415,南宁的广西体育中心，我欠你的门票终于可以还给你了,2017-04-07 12:06:31
349564968,晴天,2017-04-07 12:06:28
349585252,日常打卡,2017-04-07 12:05:50
349585241,我在泉州，晴天。,2017-04-07 12:05:23
349570646,手滑,2017-04-07 12:04:56
349586110,好友找我借短袖，我走在路上，两件衣服，有一点点阳光，都觉得冷,2017-04-07 12:02:54
349587075,4.7 阴天 打卡,2017-04-07 12:02:50
349582331,上海 阴天[皱眉],2017-04-07 12:02:31
349679915,美人姐姐我跟你说我快不好了[流泪],2017-04-07 14:50:10
349699003,这个病好奇怪[哀伤][哀伤][哀伤],2017-04-07 14:49:09
349674942,今天是晴天[憨笑][憨笑][呲牙],2017-04-07 14:49:03
349677852,我也不知道饿 所以也就觉得自己应该是吃过饭了 我可能脑袋有问题[哀伤],2017-04-07 14:48:51
349688663,第一次是看到晴天的MV就已经深深的爱上了这首歌、,2017-04-07 14:48:34
349698043,我现在中午在学校吃饭，偶尔会跑回家，如果我跑回来了我一定提醒你,2017-04-07 14:48:26
349691416,那我以后提醒你,2017-04-07 14:47:36
349673957,我告诉你哦 我今天又忘记吃饭了 医生说 要每天提醒自己吃饭呢 关键我一个人住  没有人提醒 我就忘记[哀伤][哀伤][哀伤]心酸,2017-04-07 14:47:13
349677811,厉害了[强],2017-04-07 14:47:04
349684630,我这学期的目标，是跟她回家，她本地的，哈哈,2017-04-07 14:44:57
349677758,溜了！,2017-04-07 14:44:28
349686554,[大哭]因为我们是真的熟透了,2017-04-07 14:42:50
349676799,我还有点想你,2017-04-07 14:42:26
349687522,[可爱][可爱][可爱],2017-04-07 14:42:14
349673851,大家好吗,2017-04-07 14:42:10
349692255,好久没来了,2017-04-07 14:42:04
349692247,我也不对 我也没有关你[哀伤],2017-04-07 14:41:39
349676772,还是尬舞来吧！,2017-04-07 14:41:29
349695061,今天是晴天,2017-04-07 14:41:18
349680692,不服憋着,2017-04-07 14:41:13
349690406,…搞事情啊,2017-04-07 14:41:07
349680685,出了七八年的老歌，我却在如今听着感觉像是刚遇见了一个好看的女孩。也才学会，可是已经不知道唱给谁听。,2017-04-07 14:41:02
349682585,怎么就那么有才呢_(:з」∠)_,2017-04-07 14:40:59
349671914,133万评论，一首沉甸甸的青春,2017-04-07 14:40:27
349685536,昨天说我单曲循环一晚上晴天今天就会是晴天吧 结果今天我被热死[大哭],2017-04-07 14:39:39
349670997,为什么在我不能再爱的时候爱上了你,2017-04-07 14:39:27
349676738,我就是来评,2017-04-07 14:39:18
349673790,还是美人姐姐最对,2017-04-07 14:39:11
349673788,论,2017-04-07 14:39:06
349672844,的,2017-04-07 14:38:55
349674725,那就是光光得不对了[哀伤],2017-04-07 14:38:10
349688459,不用了,2017-04-07 14:38:07
349689350,晚上过来让他关注[奸笑],2017-04-07 14:37:37
349685501,我和@FOB_novocaine 也就隔壁班事情。我们都互相关注,2017-04-07 14:37:29
349676699,我刚到公司 3点上班,2017-04-07 14:37:15
349687415,[大哭]不是,2017-04-07 14:37:07
349691187,你和光光都不需要互关了 熟透了已经[奸笑],2017-04-07 14:36:57
349679654,历,2017-04-07 14:36:45
349675682,害,2017-04-07 14:36:38
349691179,了,2017-04-07 14:36:35
349671830,美人姐姐我在上电脑课,2017-04-07 14:36:29
349692136,☺,2017-04-07 14:36:19
349678602,我互相关注的就那么几个,2017-04-07 14:36:03
349675669,我两关系不好,2017-04-07 14:35:51
349687382,我怎么啦,2017-04-07 14:35:29
349690293,你也为呢,2017-04-07 14:34:53
349677582,你们竟然没有互关,2017-04-07 14:34:39
349669898,他都没关注我,2017-04-07 14:32:39
349691097,越来越喜欢听,2017-04-07 14:32:35
349691095,没有取 700人粉光光一人 [奸笑][奸笑][奸笑],2017-04-07 14:32:17
349679557,大,2017-04-07 14:32:10
349674611,家,2017-04-07 14:32:05
349692018,好,2017-04-07 14:32:01
349680505,的,2017-04-07 14:31:44
349670851,好,2017-04-07 14:31:35
349679536,完蛋 我又忘记吃饭了[哀伤][哀伤][哀伤][哀伤],2017-04-07 14:31:18
349689196,日常打卡，,2017-04-07 14:30:01
349673592,哈哈🌝,2017-04-07 14:28:52
349671662,吧,2017-04-07 14:27:34
349678408,三次,2017-04-07 14:27:31
349667858,每日,2017-04-07 14:27:26
349685254,你说取不取哦 我好纠结喽,2017-04-07 14:26:25
349680391,回味童年,2017-04-07 14:26:22
349682260,我进复赛了，希望你也进了[心碎],2017-04-07 14:25:41
349682253,取关光光哥哥了！？,2017-04-07 14:25:10
349670658,会弹的第一首吉他曲，其实也只会磕磕绊绊的前奏😂因为是喜欢的女孩子教过我的。她唱起来很好听，所以特别珍惜也特别喜欢这首歌。可惜她有男朋友。我本来也会有男朋友的。直到看到她。,2017-04-07 14:23:13
349686116,啊,2017-04-07 14:21:10
349672435,关注又变成0了[哀伤][哀伤][哀伤]我可能脑袋有问题,2017-04-07 14:19:13
349687038,周杰伦！！,2017-04-07 14:18:25
349674305,晚上见[亲亲],2017-04-07 14:17:03
349675294,等会就要去深圳看演唱会了....贼激动,2017-04-07 14:16:49
349677205,daka,2017-04-07 14:16:36
349675263,没有耶 我骗他说有男票,2017-04-07 14:15:49
349662946,之后没在一起嘛？,2017-04-07 14:14:52
349665676,每日打卡,2017-04-07 14:12:59
349680114,💜💛💝💛💜,2017-04-07 14:12:25
349667556,💜💛💝💜,2017-04-07 14:12:20
349681003,今天把故事都说了 所以以后不要问我为什么一直在晴天了[哀伤],2017-04-07 14:12:15
349668481,就冲这个评论数，这个红心我给了。,2017-04-07 14:10:06
349668480,有故事[奸笑],2017-04-07 14:10:05
349676127,要听一辈子周杰伦…80后,2017-04-07 14:09:49
349657887,在每天要听这首歌十遍的时候遇见一个即使翻山越岭也要去见的男孩，每晚耳朵里要塞着周杰伦的歌才能安静下来上晚自习，才能让自己忍住下一层楼去拐角的教室窗口偷看他的冲动。明明他不会打篮球，不爱穿白衬衣，不喜欢走在夕阳西下的余晖里啊，可是快七年了，我怎么就忘不掉他呢。,2017-04-07 14:09:18
349667474,周杰伦,2017-04-07 14:08:31
349657864,人各有志，祝你如愿以偿吧。,2017-04-07 14:08:01
349661816,我明天就去看了,2017-04-07 14:07:32
349676068,换手机了，日常打卡！,2017-04-07 14:07:03
349680011,评论数百万➕，不留下👣不好意思,2017-04-07 14:06:37
349670289,嗯呢 除了上班其他时间都在,2017-04-07 14:06:16
349659851,没有啦 我是那个坏人哦 他真的很好 是我自己,2017-04-07 14:05:57
349675068,2017.4.7  苏州  晴,2017-04-07 14:05:53
349662751,你一天都在单曲循环吗[大哭]每次发评论你都点赞了,2017-04-07 14:04:48
349676011,没注意是15年的评论，现在的话6000+评论有很多,2017-04-07 14:04:12
349660756,这是我看到的第一首评论过百万的歌，笔芯,2017-04-07 14:02:59
349660747,不然呢？,2017-04-07 14:02:25
349659766,没关系 有段好记忆就已足够,2017-04-07 14:02:03
349664598,今天公司分享会上，关于坚持话题。我讲了杰伦那句霸气的：我坚持我的音乐，我喜欢我的音乐，谁叫我是周杰伦！顿时hold住全场！~~~,2017-04-07 14:01:49
349663574,心疼你，据不可靠消息，百分之90的网恋最后都不能走到一起，很是现实点,2017-04-07 14:00:52
349660704,开心的四月 我伦在西安的演唱会……开心99+,2017-04-07 14:00:33
349648945,最美的不过下雨天，晴天遇见了她,2017-04-07 13:59:06
349652790,没有骗任何人 因为提起他 我心里很疼 也很内疚 他对我太好了 而我一点都不值得 我没有要任何人相信  因为他 我想绝口不提 给你回复的我其实已经哭成了傻B,2017-04-07 13:56:48
350212304,一样,2017-04-08 02:01:46
350209655,杰伦,2017-04-08 02:00:27
350209642,133万。。厉害了,2017-04-08 01:59:37
350201925,[爱心],2017-04-08 01:59:22
350202911,5月13 地表最强 重庆见😗,2017-04-08 01:56:17
350210360,现在要更新好好一下了,2017-04-08 01:56:04
350218038,这是我见过的，最多的评论区,2017-04-08 01:54:59
350213242,感谢那些陪伴了我的青春的人,2017-04-08 01:53:50
350211280,2017.4.7 地表最强演唱会 我终于在现场,2017-04-08 01:53:14
350199863,明晚见。,2017-04-08 01:50:30
350193945,晚安,2017-04-08 01:50:23
350195932,晚啊,2017-04-08 01:50:12
350210258,还要多久我才能在你身边,2017-04-08 01:48:56
350195907,闲来没事来看看我伦的最高评论,2017-04-08 01:48:45
350214125,晚安。,2017-04-08 01:47:43
350209499,晚安,2017-04-08 01:47:39
350197879,人的一生，要死去三次。第一次，当你的心跳停止，呼吸消逝，你在生物学上被宣告了死亡；第二次，当你下葬，人们穿着黑衣出席你的葬礼，他们宣告，你在这个社会上不复存在，你悄然离去；而第三次死亡，是这个世界上最后一个记得你的人，把你忘记，于是，你就真正地死去，整个宇宙都将不再和你有关。,2017-04-08 01:46:06
350208579,失眠者签到[大哭][大哭][大哭],2017-04-08 01:45:33
350212105,为什么要睡觉 难道王者不好玩吗,2017-04-08 01:45:11
350210185,我和你有可能吗,2017-04-08 01:44:41
350215077,周杰伦等于青春,2017-04-08 01:44:17
350191943,每天晚上听这首歌睡觉,2017-04-08 01:44:06
350192890,你们都不睡觉吗[呲牙],2017-04-08 01:43:21
350213084,我很想你,2017-04-08 01:43:12
350208546,你会等待还是离开,2017-04-08 01:43:04
350194863,晴天是全网易云最多评论得了,2017-04-08 01:42:16
350211105,跑啦嘻嘻嘻一卡一卡三,2017-04-08 01:41:14
350196777,晚安 如果你也是这样 就好了,2017-04-08 01:38:49
350203503,"不知道什么时候才能找到！
我还找了几首神曲，结果也就五十几万[呲牙]",2017-04-08 01:35:12
350192698,😏如果有找到超越晴天的，烦请告知哦hhhhh,2017-04-08 01:31:38
350187899,这个有点恐怖,2017-04-08 01:30:42
350205441,睡不着了,2017-04-08 01:29:30
350202484,微博看到那个视频，又来听歌。,2017-04-08 01:29:20
350195625,晚安，全世界。,2017-04-08 01:29:05
350201443,这是网易云评论最多的一首歌了吧？1334878已经过了百万200万的那天AT我这是几年的证明由你们来记录200万,2017-04-08 01:28:11
350185886,今天我喜欢是我喜欢你的第五年，正当我准备庆祝的时候才想起你已经结婚五年了,2017-04-08 01:28:01
350192644,那年我3岁，这个旋律很熟[开心]终于找到了，13年了,2017-04-08 01:27:56
350188808,不要怕，真有坏人晚上进来用手机灯猛照他眼……剩下的就看自己了,2017-04-08 01:26:55
350189770,还有留恋，但是我知道怎么都回不去了,2017-04-08 01:26:26
350188798,睡不着又来听这首歌了,2017-04-08 01:26:16
350186809,不要怕，用手机灯猛照他脸，争取,2017-04-08 01:25:50
350195547,哎，别想了早点睡吧,2017-04-08 01:25:33
350200517,也就这首了[开心],2017-04-08 01:25:25
350198498,从未拥有过。,2017-04-08 01:25:17
350207260,消失的下雨天 我好想在淋一遍 [皱眉][皱眉],2017-04-08 01:24:57
350192581,什么时候来玩，打我电话，我还给你剥小龙虾……,2017-04-08 01:24:22
350204346,我爱你  如果我此生只能给你拥抱 和不放开你的手，你愿不愿意跟我走 我爱你，如果有一天你觉得越相爱越是场意外那就请你悄悄在月光下找个男孩把我取代,2017-04-08 01:23:55
350199465,🤔那你现在找到最多的是多少,2017-04-08 01:23:54
350198456,在我死了以后把我的骨灰带在身上，遇到坏人就扬出去，让我再保护你最后一次 我爱你 为了寻找你 我搬进鸟的眼睛 经常盯着路过的风 也忘了听猎人的枪声 我爱你，就算你一身污秽如刺猬，也有我双手拥抱不忌讳，再见。 我爱你！好想学一种可以伴你一生的咒语，哪怕是做你的宠物狗也可以！ 我爱你  如果我此,2017-04-08 01:23:02
350195494,从前从前 有个人爱你很久 但偏偏风渐渐 把距离吹得好远 好远好远……,2017-04-08 01:23:00
350198454,4.29，西安地表最强，约好了，和我现在最爱的人。,2017-04-08 01:22:55
350202350,吓死我了刚刚……   以为有人在推宿舍门，然后我就惊叫了一声……  天哪好可怕[流泪][流泪]   以前就有别的宿舍半夜进小偷的事情发生……   瞬间吓到心脏狂跳……,2017-04-08 01:22:22
350188704,我也刚好想找评论最多的到底有多少,2017-04-08 01:21:51
350193517,我爱你  别为了不属于你的观众 演绎你不擅长的人生 反正谢幕后的每次相逢 都有我捧着鲜花 把你拥入怀中我爱你！我用半生温柔，相濡以沫陪你赌，你又怎么舍得让我输。我爱你  如果我此生只能给你拥抱 和不放开你的手，你愿不愿意跟我走我爱你，就算你满嘴谎言，仍有我痴心不变 我爱你，在我死了以后把我,2017-04-08 01:21:33
350196509,深夜睡不着的我活跃在网易云,2017-04-08 01:21:19
350194519,举手,2017-04-08 01:20:54
350197435,重庆见,2017-04-08 01:20:45
350198403,为什么……越来越…清醒……甚至…还有点饿了……,2017-04-08 01:20:29
350204271,在网易云看过评论数最多的一首😂还有超越的吗？,2017-04-08 01:20:23
350206127,听到的都是回忆。,2017-04-08 01:18:05
350191528,我我我,2017-04-08 01:17:56
350205169,愿天使守护你我,2017-04-08 01:16:59
350193436,我要努力睡觉，你也……加油！,2017-04-08 01:16:53
350196423,刚刚从深圳演唱会回来的朋友举手🙋！,2017-04-08 01:16:13
350192412,我一直在想这个问题，想着想着就失眠了……,2017-04-08 01:16:12
350183957,(σﾟ∀ﾟ)σ..:*☆哎哟不错哦,2017-04-08 01:15:58
350191476,早知道现在还没睡着我特么还不如写作业去了啊[流泪],2017-04-08 01:15:13
350186612,这个点还在听这首歌的人都是天使👼,2017-04-08 01:14:21
350206047,为什么会失眠,2017-04-08 01:13:50
350197270,我也……  想哭……,2017-04-08 01:12:52
350192328,我没睡，因为我失眠了……,2017-04-08 01:11:44
350192273,2017.4.7   深圳地表最强，我终于听了现场,2017-04-08 01:08:55
350184543,时间啊你慢点,2017-04-08 01:08:54
350179928,隔了六七年 再听也还是爱你,2017-04-08 01:08:30
350188400,男生都是早上洗頭洗澡吧 我還專門去問過原因,2017-04-08 01:07:15
350203014,有没睡的吗，看着评论往事飘过，现在的我好迷茫啊,2017-04-08 01:07:12
350185491,7位数，可怕,2017-04-08 01:07:06
350193223,这首歌是迄今为止我见到评论最多的了，jay，谢谢你陪我度过了初恋3年,2017-04-08 01:06:33
350192219,你是男生嘛,2017-04-08 01:06:15
350180980,我洗澡。。😄,2017-04-08 01:06:07
350193213,我也是[惶恐][惶恐],2017-04-08 01:05:57
350197102,为什么你也要喜欢杰伦，回忆在翻滚，好痛苦。我都不敢听歌了怎么办,2017-04-08 01:05:04
350185433,我C！！！100多万？？不行，我滴眼药水，肯定是眼睛花了没错！！,2017-04-08 01:04:48
350176990,晚安。打卡咯,2017-04-08 01:04:27
350193153,完全没有睡意[惊恐][惊恐][惊恐]。,2017-04-08 01:03:41
350184428,这个数字让我感到恐惧,2017-04-08 01:03:38
350184410,你之前的人生我没有参与过，是我的遗憾，以后，想一直跟你走下去，故事的最后不要跟我说拜拜。西瓜冬瓜南瓜怎么没北瓜,2017-04-08 01:03:06
350193123,有人问云村那首歌评论最多？答案是周杰伦的晴天。有人说：没有比听周杰伦的歌可以更快的回的从前。频频点头说好,2017-04-08 01:02:36
350193116,现在的我超清醒，清醒到可以出去跑两圈的那种,2017-04-08 01:02:26
350189251,很久,2017-04-08 01:02:06
350191198,再见,2017-04-08 01:01:58
350186331,原來短髮都有同樣的習慣,2017-04-08 01:01:09
350184363,我试过忘记你 可是我没做到  不过已经不爱了 记不记得好像也没什么关系了 只是原来曾经也有人因为我喜欢一首歌而学了很久 只为了唱给我听,2017-04-08 01:01:07
350191140,就算没抢到票我也要去[大哭]场外vip  有木有组队的  坐标天津,2017-04-08 00:59:40
350195029,我也是[惊恐][惊恐],2017-04-08 00:59:31
350178755,那时候真的是好喜欢这首歌。曾经以为那个，说爱我很久很久的人是你。后来呀！经过了两年，我终于将你放下了。,2017-04-08 00:59:16
350193044,前奏真的棒，时间一下子飞速倒回[爱心]听一次留一次言，现在大二谈了人生第一个女朋友，一定要好好对她，[爱心],2017-04-08 00:59:11
350175925,从前从前，有个人爱你很久～我又来了,2017-04-08 00:58:51
350176855,听周杰伦的歌，随机播放，听到那首播放的歌了。就突然觉得很好听，然后就单曲循环了。,2017-04-08 00:58:47
350182706,……我也是短发…,2017-04-08 00:58:41
